Designator,Mid X,Mid Y,Rotation,Layer
BT1,129.999999,-67.6,0.0,top
C1,151.1,-66.8,180.0,top
C2,148.8,-69.7,90.0,top
C3,146.065,-71.1,90.0,top
C4,146.665,-63.5,90.0,top
C5,140.865,-63.500001,90.0,top
D1,151.8,-64.6,180.0,top
F1,151.0,-62.6,180.0,top
J1,162.175,-68.57,0.0,top
R1,145.3,-73.6,180.0,top
R2,145.3,-75.2,180.0,top
R3,151.3,-73.6,180.0,top
R4,151.3,-75.2,180.0,top
U2,142.465,-68.9,180.0,top
U3,152.1,-69.7,180.0,top
Y1,143.765,-63.8,180.0,top
